<outwitAutomator>
<documentproperties>
<active>true</active>
<url>https://media.usarb.md/category/noutati-si-comunicate/</url>
<masterId>{6c8d4242-80ff-49a1-9f9e-4d6acb1d5908}</masterId>
<name>usarb.md Scraper</name>
<version>1.0</version>
<versionId>{6c8d4242-80ff-49a1-9f9e-4d6acb1d5908}</versionId>
<automatorType>scraper</automatorType>
<kernelVersion>9.0.0.23</kernelVersion>
<creationOutfit>OutWit Hub</creationOutfit>
<author />
<company />
<created>2021-11-18T15:05:57+02:00</created>
<lastModified>2021-11-18T16:58:44+02:00</lastModified>
<comments />
<options /><hash>GtW/rPIXR9UI95ZnV/GMTA==</hash>
</documentproperties>
<data>
<line>
<ok>true</ok>
<description>Title</description>
<before>&lt;h2 class="entry-title"&gt;</before>
<after>&lt;/h2&gt;</after>
<format></format>
<replace></replace>
<separator></separator>
<labels></labels>
</line>
<line>
<ok>true</ok>
<description>Author</description>
<before>&lt;span class="author vcard"&gt;</before>
<after>&lt;/a&gt;&lt;/span&gt;&lt;span</after>
<format></format>
<replace></replace>
<separator></separator>
<labels></labels>
</line>
<line>
<ok>true</ok>
<description>Content</description>
<before>&lt;/footer&gt;&lt;!-- .entry-footer --&gt;
			&lt;p&gt;</before>
<after>&lt;/p&gt;</after>
<format></format>
<replace></replace>
<separator></separator>
<labels></labels>
</line>
<line>
<ok>true</ok>
<description>URL</description>
<before>&lt;a class="btn btn-primary" href="</before>
<after> "&gt;
					Citește mai mult				&lt;/a&gt;</after>
<format></format>
<replace></replace>
<separator></separator>
<labels></labels>
</line>
</data>
</outwitAutomator>